label,state,amine,radius,Vbur_pct,Vbur_abs,Vfree,Q_NE,Q_NW,Q_SW,Q_SE,SASA_total,SASA_amine,SASA_catalyst,amine_N_index,Ru_N_distance,SASA_amine_N,SASA_N_ratio,Sterimol_L,Sterimol_B1,Sterimol_B5
2A_AMP,2A,AMP,3.5,0.19021967014535968,34.162383729308154,145.43199630090837,30.646664181885946,45.441203876257916,0.0,0.0,810.6231435225124,138.94013409513127,671.683009427381,80,2.265154398020144,0.03999957581252752,0.00028789072410956583,7.305704820113982,3.213697405853214,10.047675384315095
2A_BEMT,2A,BEMT,3.5,0.19931629705553486,35.79608679960725,143.79829323060926,34.129239657100264,45.597279165113676,0.0,0.0,856.6845986477005,186.65143631211478,670.0331623355858,67,2.3403676216569056,0.0,0.0,7.529196292574132,4.516028429590371,10.150398554891321
2A_BENZ,2A,BENZ,3.5,0.18636437756243013,33.46999484804183,146.12438518217468,36.47968691762952,38.06606410734253,0.0,0.0,865.0147469153156,238.8021430540217,626.2126038612939,67,2.6120188906859,0.0,0.0,5.895859113322286,4.806539463218378,10.256787085162276
2A_BMAE,2A,BMAE,3.5,0.20225726798360044,36.32426865012008,143.27011138009644,37.94027208348864,42.96263510995154,0.0,0.0,801.0832201574109,135.13029720624596,665.9529229511647,64,2.355798594712205,0.0,0.0,6.029256590720993,4.79143587199189,10.13200633294015
2A_BOX,2A,BOX,3.5,0.18822796310100634,33.804684337475706,145.7896956927408,38.04276928811032,37.24841595229221,0.0,0.0,857.742761496506,210.10986097201524,647.6329005244908,73,2.6328455831096513,0.0,0.0,7.4597433194935245,4.105732680411929,10.349351166677573
2A_DADP,2A,DADP,3.5,0.1924850913156914,34.56924063990121,145.0251393903153,31.881289601192698,45.11274692508386,0.0,0.0,887.6428150586162,228.73964884510426,658.9031662135118,87,2.290846566644305,0.6999925767192984,0.003060215315768508,10.414324075902213,2.795033820667406,10.061713720665546
2A_DBUA,2A,DBUA,3.5,0.2214172568020872,39.765294963362095,139.82908506685442,34.744222884830414,53.82267983600447,0.0,0.0,862.1532788513957,213.7904536787005,648.3628251726955,64,2.3451627432342517,0.0,0.0,7.512838015431216,3.676645324754285,10.168339534370304
2A_DEA,2A,DEA,3.5,0.2183481643682445,39.21410321045068,140.38027681976584,34.69763324636601,52.64163250093179,0.0,0.0,790.7105795854004,134.56763150987555,656.1429480755249,64,2.3637166111585795,0.0,0.0,7.685980177445366,3.076924660188861,10.180793726700692
2A_DEGE,2A,DEGE,3.5,0.1747810286992173,31.38969049027941,148.2046895399371,34.28065598210958,35.63175549757734,0.0,0.0,1073.6412439471833,397.15846786429734,676.482776082886,73,2.2887052540729225,0.029999681859392606,7.553579814302994e-05,15.758903922638291,6.0501184277938425,11.502172587618583
2A_DEPA,2A,DEPA,3.5,0.1747227916511368,31.379231443734604,148.21514858648192,34.19213566902721,35.69698099142751,0.0,0.0,868.7232021277721,203.4705373276692,665.2526648001028,77,2.285997426189933,0.029999681859392606,0.00014743993038697826,7.820600631744713,5.50568845246864,9.877880579685126
2A_DETA,2A,DETA,3.5,0.16755963473723443,30.092768718723146,149.50161131149338,34.57882966828177,32.445024226612,0.0,0.0,831.6827425360709,168.56965265562124,663.1130898804497,70,2.5706706894116174,1.199987274375935,0.0071186435723839606,8.163760597995909,2.6133242716016083,10.297974401710643
2A_DMDP,2A,DMDP,3.5,0.1724864890048453,30.977604056413952,148.61677597380256,32.731550503168094,36.263045098770036,0.0,0.0,983.3333838330876,297.8502451241556,685.4831387089317,93,2.279998023842126,0.08999904557818995,0.00030216206651324004,10.479704032398379,4.579567342992148,10.08535960859053
2A_DMEDA,2A,DMEDA,3.5,0.1656494595601938,29.749711992053427,149.8446680381631,33.00177040626164,33.258013417815874,0.0,0.0,806.8836636924577,137.90040774397622,668.9832559484815,64,2.574584389644278,1.019989183219555,0.0073965639399214194,6.905464685052145,2.356573171979856,10.212419193195833
2A_EAE,2A,EAE,3.5,0.2199089172568021,39.49440565785155,140.09997437236495,34.35054043980619,53.61302646291465,0.0,0.0,800.2820048568002,147.82909629628853,652.4529085605118,64,2.3568919494537717,0.0,0.0,7.520197940707084,3.1984597098319094,10.184824381483415
2A_EDA,2A,EDA,3.5,0.14462588520313083,25.973996189377544,153.62038384083897,27.669586284010435,30.18076779724189,0.0,0.0,792.1527919794069,103.86968619902608,688.283105780381,64,2.5738427528891505,0.23999745487518942,0.002310563010803047,7.063256690234919,3.1550708352417627,10.289461785827235
2A_INDO,2A,INDO,3.5,0.17430930860976518,31.30497221326646,148.28940781695005,33.40710026090198,36.3166231830041,0.0,0.0,805.164030627289,149.20093809634884,655.9630925309405,66,2.6709006776179454,0.0,0.0,6.7304465180402255,3.7953650660487455,10.473089657632663
2A_ISBZ,2A,ISBZ,3.5,0.22152790719344018,39.78516715179723,139.8092128784193,40.169586284010435,48.44157659336564,0.0,0.0,842.5740033223084,206.5811668551352,635.992836467173,66,2.371057814689469,0.0,0.0,7.563374140977715,4.038677429407322,10.1962409635945
2A_MEPI,2A,MEPI,3.5,0.16651719157659337,29.905551785571078,149.68882824464544,29.453969437197166,37.15290719344018,0.0,0.0,829.7733027698695,152.61019050765094,677.1631122622185,77,2.6016500468740986,0.0,0.0,7.398193696914994,3.7849795572228118,10.335255477214272
2A_METOX,2A,METOX,3.5,0.14282636041744315,25.65081165114296,153.94356837907355,27.23164368244502,29.89890048453224,0.0,0.0,875.9115318494145,185.42846072314302,690.4830711262715,70,2.575958667176164,0.16999819720325715,0.0009167858943567229,8.75553052642834,3.869599662546278,10.266254776529
2A_MOR,2A,MOR,3.5,0.16536409802459934,29.698462663983868,149.89591736623265,29.29090570257175,36.85473350726798,0.0,0.0,801.0924889133684,121.24922067951708,679.8432682338512,76,2.605737673155531,0.0,0.0,7.401254701089546,3.2488330689039557,10.348118743223612
2A_MTL,2A,MTL,3.5,0.18114051434960865,32.5318183729725,147.062561657244,33.34653373089825,39.10967200894521,0.0,0.0,803.7738390717923,147.4208655183753,656.3529735534169,64,2.31447561689511,1.2299869562353396,0.008343370878405455,7.149889744634075,3.3407532693683644,10.06614937849981
2A_NMA,2A,NMA,3.5,0.18401160081997764,33.047449367631565,146.54693066258494,35.109951546776,38.49468878121505,0.0,0.0,790.3438181200547,135.13093321344377,655.212884906611,64,2.662501291793114,0.0,0.0,6.815430314702276,3.084780601950158,10.238545372168861
2A_OCTA,2A,OCTA,3.5,0.16726262579202386,30.03942758134463,149.5549524488719,34.19446515095043,32.710585165859115,0.0,0.0,842.6333969871621,181.8202841917009,660.8131127954609,70,2.566793515224784,1.2199870622822047,0.006709851256177337,8.717527175312922,2.5756530801735558,10.290432791710494
2A_OTL,2A,OTL,3.5,0.19608996459187478,35.216655621024856,144.37772440919167,34.168840849795004,44.267144986954904,0.0,0.0,794.2739306013157,138.71088040684134,655.5630501944745,64,2.350748320237622,0.9599898195007577,0.006920796816263378,6.806469079456709,3.3538006804501332,10.121248307144208
2A_PIP,2A,PIP,3.5,0.1676353428997391,30.106365479231403,149.4880145509851,29.56345508758852,37.490682072307116,0.0,0.0,810.4033269812855,132.56007351870673,677.8432534625788,76,2.6038717759905157,0.0,0.0,7.449736447234926,3.229997440189844,10.353046264353056
2A_THQ,2A,THQ,3.5,0.19942694744688783,35.81595898804239,143.77842104217413,35.11926947446888,44.65150950428625,0.0,0.0,807.2235567708071,164.92069750498095,642.3028592658263,66,2.639207388635838,0.0,0.0,6.994088012439972,2.919155865562328,10.391090296805357
3A_AMP,3A,AMP,3.5,0.22678671263510994,40.72961905479344,138.86476097542308,38.138278046962355,51.37905329854641,0.549757733879985,0.6475959746552367,809.1332480736685,138.07013902033773,671.0631090533304,80,2.1746780022738994,0.24999734882832433,0.0018106547194212624,7.575738691988617,3.4019681453448927,9.97283223416821
3A_BEMT,3A,BEMT,3.5,0.24627282892284755,44.22921602868638,135.36516400153013,40.62849422288483,56.121878494222884,0.9271338054416698,0.8316250465896384,822.8039484559225,168.5909025216501,654.2130459342723,67,2.2100028276226253,0.0,0.0,6.819254735526688,3.9193284471225898,9.846561266670417
3A_BENZ,3A,BENZ,3.5,0.2509958535221767,45.077444703470356,134.51693532674616,47.15803205367126,51.6306373462542,0.9527581065970928,0.6569139023481178,891.6743684247132,247.51131481538408,644.1630536093292,67,2.22138503128116,0.0,0.0,7.231564910719986,5.446829762499663,9.969534090169498
3A_BMAE,3A,BMAE,3.5,0.24506149832277302,44.01166786055436,135.58271216966216,45.53205367126351,51.22297800969065,0.7780469623555721,0.4915206857994782,800.8133448799488,138.99024301601375,661.8231018639349,64,2.212830410554998,0.0,0.0,7.202504827069276,3.837230577487122,10.096180489627676
3A_BOX,3A,BOX,3.5,0.2600400670890794,46.70173463187912,132.89264539833738,49.56671636228103,53.34047707789787,0.67554975773388,0.4332836377189713,852.4228420226763,205.84984088457165,646.5730011381044,73,2.2467990045395694,0.0,0.0,7.525820327605904,4.119122473991156,10.057482459412228
3A_DADP,3A,DADP,3.5,0.23273853894893776,41.79853361167287,137.79584641854365,39.5219903093552,52.233973164368244,0.6429370108087962,0.6965150950428625,885.8128309679313,226.8196323072285,658.9931986607029,87,2.207677796716043,2.1599770938766927,0.009522884204974777,10.793354424673533,2.7262664185769294,9.978920722036767
3A_DBUA,3A,DBUA,3.5,0.2637322959373835,47.36483818281998,132.22954184739655,42.971953037644425,61.54258292955646,0.5823704808050689,0.39601192694744686,863.043369092826,212.76044786206202,650.2829212307638,64,2.239503651564114,0.0,0.0,7.704725733201402,3.9714554668890645,10.08087943914633
3A_DEA,3A,DEA,3.5,0.2620434215430488,47.06152583302054,132.53285419719597,42.74366380916884,61.05805068952665,0.6103242638837123,0.40532985464032795,791.620548134871,134.15752018908975,657.4630279457812,64,2.2455208226807875,0.0,0.0,7.72552157356299,3.074771326272646,10.08978669120088
3A_DEGE,3A,DEGE,3.5,0.22117266120014908,39.7213669678739,139.8730130623426,43.52404025344763,43.391259783824076,0.649925456578457,0.9038389862094671,1075.7814125921823,399.61845812761334,676.1629544645691,73,2.198693794612838,0.9699897134538804,0.0024272895651484792,15.472515349866677,6.4299615897804845,11.87867070029086
3A_DEPA,3A,DEPA,3.5,0.2221161013790533,39.8908035218998,139.7035765083167,43.52404025344764,43.69642191576593,0.6708907938874394,0.9550875885203132,873.343392004781,206.6405152678888,666.7028767368923,77,2.1995652655909077,1.0399889711258126,0.0050328415498653335,7.827297384407508,5.627979176866649,9.778084862050697
3A_DETA,3A,DETA,3.5,0.2132815411852404,38.304166161052336,141.29021386916418,44.71440551621319,39.67806559821096,0.5264629146477824,0.39368244502422667,829.9527369313423,164.73962470750752,665.2131122238347,70,2.4477696520914707,3.0999671254711805,0.018817373968012377,8.423578768501121,2.505399148853402,10.110588948316655
3A_DMDP,3A,DMDP,3.5,0.21279817368617218,38.217356074730425,141.3770239554861,41.61153559448379,42.47344390607529,0.6033358181140513,0.430954155795751,985.4934899679612,297.81024045162366,687.6832495163377,93,2.196935077737392,0.20999777301578465,0.000705139530115979,10.326979026803414,4.6706543988764535,10.022175960955803
3A_DMEDA,3A,DMEDA,3.5,0.21296706112560568,38.24768730971038,141.34669272050613,44.19027208348864,40.14163250093179,0.4868617219530376,0.36805814386880353,806.4634879333744,135.12032764164348,671.3431602917309,70,2.448349663691851,3.0799673375649106,0.022794255988879637,7.184236209209363,2.4682144903961776,10.045008564702382
3A_EAE,3A,EAE,3.5,0.26255008386134926,47.15251953796037,132.44186049225613,42.741334327245625,61.2700335445397,0.6033358181140513,0.40532985464032795,801.6720420545055,146.98905928077042,654.682982773735,64,2.2433056541853587,0.0,0.0,7.556057892911435,3.2380887665248026,10.080351972337636
3A_EDA,3A,EDA,3.5,0.19014978568766305,34.149832873454386,145.44454715676213,37.60249720462169,37.70965337308982,0.4262951919493105,0.3214685054043981,795.5729196657996,102.93968324868607,692.6332364171135,64,2.4322749906620347,0.40999565207844657,0.0039828726797998945,7.353687961621007,3.150479175955651,10.151630176704357
3A_INDO,3A,INDO,3.5,0.25496762020126723,45.79075167782629,133.8036283523902,46.88082370480805,51.672568020872156,1.9893775624301155,1.444278792396571,794.5836031278792,140.20075839541673,654.3828447324627,66,2.26212435911468,0.0,0.0,6.825868211058751,3.9879968938784858,10.131586583792245
3A_ISBZ,3A,ISBZ,3.5,0.26907845695117405,48.32497865563341,131.2694013745831,48.872530749161385,57.538203503540814,0.8223071188967574,0.39834140887066716,832.3942604193057,203.07127042417784,629.3229899951281,66,2.23781062335489,0.0,0.0,7.537056140200049,3.9371556621419312,10.1053545522295
3A_MEPI,3A,MEPI,3.5,0.24173033917256803,43.41341039819132,136.1809696320252,41.94931047335072,54.13017144986955,0.40300037271710776,0.20965337308982485,822.8534511309128,149.27017649691382,673.583274633999,77,2.228704184184164,0.0,0.0,7.623392722034388,3.8512928491353344,10.061366703568076
3A_METOX,3A,METOX,3.5,0.21109182817741334,37.91090601096754,141.683474019249,38.47838240775252,44.93104733507268,0.4938501677226985,0.5334513604174431,871.6117678225434,180.78845001429102,690.8233178082526,70,2.199671265871335,0.09999893953132487,0.0005531268149232991,8.595940666132678,3.807546560849817,10.014477092795403
3A_MOR,3A,MOR,3.5,0.24273784010436078,43.5943519034165,136.0000281268,42.27776742452479,53.9181885948565,0.5590756615728663,0.34010436079016027,792.752603734763,118.62919705924897,674.1234066755142,76,2.2241289315849024,0.0,0.0,7.65411300593387,3.2150874623933388,10.072533773113737
3A_MTL,3A,MTL,3.5,0.22117848490495715,39.72241287252838,139.87196715768812,40.79388743943347,46.05618710398808,0.9387812150577712,0.6825382035035408,807.9339662224335,149.69092723132803,658.2430389911057,64,2.230638617076733,1.5799832445949888,0.010554969989285512,7.180982477898119,3.2609501586532246,10.031385011080209
3A_NMA,3A,NMA,3.5,0.25601588706671635,45.97901451563285,133.61536551458366,44.104081252329486,50.642937010808794,3.4592806559821097,4.200055907566157,787.3635211334409,133.4505585248053,653.9129626086357,64,2.235525035645989,0.0,0.0,6.828786110254577,3.1356587115604313,9.762808497167166
3A_OCTA,3A,OCTA,3.5,0.2320222232575475,41.66988733917173,137.92449269104478,46.94837868058144,44.5886134923593,0.7733879985091315,0.498509131569139,838.9634347922644,177.7602584123607,661.2031763799035,70,2.207651237990276,2.1599770938766927,0.012151068597493087,9.066805894759023,2.7233506250554926,9.963388029008483
3A_OTL,3A,OTL,3.5,0.23466618524040253,42.144728052306036,137.4496519779105,42.061125605665296,49.64824822959373,1.1181513231457325,1.0389489377562429,794.51392890529,137.0408998893739,657.4730290159162,64,2.253020778466102,1.189987380422812,0.00868344692265906,6.944894379401937,3.660139438589365,10.137778700255508
3A_PIP,3A,PIP,3.5,0.2437744595601938,43.78052293191409,135.81385709830244,42.464125978382405,54.24431606410734,0.5031680954155795,0.2981736861721953,801.6934643068515,129.39007167815478,672.3033926286968,76,2.228662521782964,0.0,0.0,7.673914206167786,3.218763606014796,10.07870501586862
3A_THQ,3A,THQ,3.5,0.24174781028699216,43.41654811215476,136.17783191806177,45.76500186358554,49.680860976518815,0.8456019381289601,0.40765933656354825,804.083387641818,164.02066950411776,640.0627181377002,66,2.5440676875718147,1.0299890771726778,0.006279629758167886,7.520653686880843,2.392910266005904,10.309425525640622
4A_AMP,4A,AMP,3.5,0.23773527767424524,42.69591980521745,136.89846022499907,35.97884830413716,53.36377189713008,2.303857622064853,3.447633246366008,808.5617513663327,125.030131225033,646.5929878150291,80,2.3793239720958557,0.0,0.0,7.05723718982767,3.15299358347539,10.111511508067657
4A_BEMT,4A,BEMT,3.5,0.24923709467014535,44.76158149781713,134.83279853239938,41.44381289601193,54.54016026835632,1.9917070443533358,1.7191576593365634,855.4932480371008,166.62131556198216,654.8331615248674,67,2.4307820967540468,0.0,0.0,7.81657253340832,3.581894227160774,10.175528319300497
4A_BENZ,4A,BENZ,3.5,0.26322563361908313,47.273844477880154,132.32053555233637,40.60286992172941,59.33423406634364,3.4895639209839735,1.8635855385762206,879.213966717169,241.30207320544767,603.3132148249006,67,2.6269377058087997,0.0,0.0,7.790674352297936,3.7929021846253486,10.129617833548075
4A_BMAE,4A,BMAE,3.5,0.24936521617592247,44.78459140021572,134.8097886300008,41.043142005218044,54.9058889303019,2.2246552366753636,1.5724002981736862,814.5918849998595,129.3902137616779,647.4930073670141,64,2.422403347412028,0.0,0.0,7.739407034348937,3.319278810196796,10.188128602327456
4A_BOX,4A,BOX,3.5,0.25158987141259787,45.184126978227404,134.41025305198912,42.94865821841222,52.59737234439061,3.133153186731271,1.9567648155050317,846.6615374016338,184.79998408778624,623.3629627785216,73,2.6078636499824905,0.0,0.0,7.927743963950755,3.565701237317035,10.21683828995558
4A_DADP,4A,DADP,3.5,0.23756639023481177,42.6655885702375,136.928791459979,37.22512113306001,52.18039508013418,2.303857622064853,3.3171822586656727,899.7414330744555,216.77962882624203,639.5832229038936,87,2.372663445517295,0.0,0.0,10.889126061423124,3.083031473068509,10.095676459890274
4A_DBUA,4A,DBUA,3.5,0.26574729780096906,47.72672119327036,131.86765883694616,42.42219530376444,58.56550503168096,2.45061498322773,2.8606038017144986,857.6517911904094,193.8304309534525,625.7127554034545,64,2.446255559948306,0.0,0.0,8.041348863005148,3.5718852575179905,10.13630175606679
4A_DEA,4A,DEA,3.5,0.2636041744316064,47.3418282804214,132.25255174979512,41.15029817368617,59.80478941483415,2.5018635855385765,1.9847185985836748,786.6291358590037,115.63774057265607,634.1126928978287,64,2.436428998221783,0.0,0.0,7.459523951610329,3.0752376472763965,10.077842440014791
4A_DEGE,4A,DEGE,3.5,0.21976914834140887,39.46930394614401,140.1250760840725,39.3961982855013,44.62821468505404,2.3690831159150205,1.5141632500931792,1094.7198736245664,393.8083474283425,662.9928783647206,73,2.3341490611436964,0.0,0.0,15.690533458143136,5.078277762409327,11.602755187110839
4A_DEPA,4A,DEPA,3.5,0.2187034103615356,39.277903394374015,140.3164766358425,39.28205367126351,44.45583302273574,2.3061871039880733,1.4372903466269102,886.3418187242064,197.61043235285146,650.8327476321452,77,2.328101399459439,0.0,0.0,7.693756584822059,4.885352046108027,10.08425923211247
4A_DETA,4A,DETA,3.5,0.22445140700708163,40.31021128834662,139.2841687418699,42.585259038389864,41.991241147968694,3.300875885203131,1.9031867312709654,834.0612967562994,151.849603418118,638.1831005027835,70,2.5591147321095242,0.0,0.0,4.904818807867051,3.825917774455053,10.203805718304091
4A_DMDP,4A,DMDP,3.5,0.21965267424524787,39.4483858530544,140.14599417716212,39.30534849049572,44.6584979500559,2.383060007454342,1.5141632500931792,980.381802896861,279.28028069042307,663.132874438806,93,2.3336511473212957,0.0,0.0,10.37924002004163,5.009729147254072,10.117105159250414
4A_DMEDA,4A,DMEDA,3.5,0.22144637532612746,39.77052448663449,139.82385554358203,37.1668840849795,47.25587029444652,2.4692508386134926,1.6865449124114795,804.1320632855769,118.79031880351053,641.7131345017935,70,2.541000669834623,0.0,0.0,4.795669207994953,4.30542728450759,10.243051479103883
4A_EAE,4A,EAE,3.5,0.2625442601565412,47.15147363330589,132.44290639691062,41.48574357062989,58.111256056653,2.5298173686172194,2.8908870667163624,797.6703672996975,130.01893937261178,629.7228088172394,64,2.4672294296639703,0.0,0.0,8.03824639040511,3.118970698532043,10.15494142379278
4A_EDA,4A,EDA,3.5,0.21927413343272456,39.38040205051314,140.21397797970337,39.14927320163996,44.705087588520314,2.350447260529258,1.504845322400298,785.7112846389944,82.58971935529854,665.2129127572825,64,2.336154912093802,0.0,0.0,6.709642721841156,3.1991465634263743,10.118299340539428
4A_INDO,4A,INDO,3.5,0.2596848210957883,46.637934447955786,132.95644558226073,39.88538948937756,60.27534476332464,1.9031867312709654,1.8100074543421545,797.8224156916353,135.04070286067875,625.4129466274105,66,2.4738218861510624,0.0,0.0,7.44717289050533,3.3295227864718395,10.299291212687498
4A_ISBZ,4A,ISBZ,3.5,0.2778664275065226,49.903248779245025,129.6911312509715,45.403932165486395,58.94754006708908,4.146477823332091,2.6486209467014534,835.1229563757003,182.1111356553809,620.0030263989917,66,2.636618356797206,0.0,0.0,5.4857739532619245,3.899473004800111,10.355560256062644
4A_MEPI,4A,MEPI,3.5,0.24972046216921356,44.848391584139044,134.74598844607746,40.311684681326874,55.72353708535222,2.2782333209094294,1.5747297800969067,819.3420179879851,130.65020764512903,653.6730978158256,77,2.4061486004401305,0.0,0.0,7.849237443904143,3.364367298305332,10.149382909267912
4A_METOX,4A,METOX,3.5,0.21911106969809915,39.351116720187676,140.24326331002885,37.79584420424897,46.07482295937383,1.7121692135669027,2.0615915020499442,864.7500721407124,161.61847712934198,665.3029357292019,70,2.3378529034565028,0.0,0.0,8.705940744703861,3.8080809533493323,10.116208279934332
4A_MOR,4A,MOR,3.5,0.2491380916884085,44.74380111869096,134.85057891152556,41.92601565411852,53.97875512486023,1.9893775624301155,1.7610883339545285,789.7410524244237,100.1892435090686,654.3031057999768,76,2.405237648287379,0.0,0.0,7.846532495838891,3.1807959247237836,10.154791388380293
4A_MTL,4A,MTL,3.5,0.22997227916511367,41.301728900794465,138.29265112942204,44.406913902348116,43.59858367499068,1.8496086470368989,2.1338054416697725,806.9823840981336,125.38084111707705,638.6728840530866,64,2.381501666493013,0.0,0.0,6.816778287070062,3.154476250817459,10.066129077189782
4A_NMA,4A,NMA,3.5,0.24640677413343273,44.25327183573944,135.34110819447707,40.111349235929936,55.88194185613119,1.376723816623183,1.1926947446887812,795.7828623927298,123.26097382250994,630.393279138081,64,2.6468318985912194,0.0,0.0,6.855521941880124,2.5428080858411874,10.439896437679938
4A_OCTA,4A,OCTA,3.5,0.23746738725307492,42.64780819111133,136.9465718391052,43.58460678345136,45.44353335818114,3.6992172940737977,2.2595974655236675,850.4519989619347,167.1802375196367,639.8031835397275,70,2.3746437378478484,0.0,0.0,9.122498572999103,3.086134466469565,10.09120017558863
4A_OTL,4A,OTL,3.5,0.23996575661572866,43.09650128788362,136.4978787423329,33.07398434588148,59.164181885948565,1.823984345881476,1.9241520685799478,799.5423037615825,128.66080028910642,628.1729784436139,64,2.3898484600702194,0.0,0.0,7.321383680089619,3.428423078895047,10.24089967696936
4A_PIP,4A,PIP,3.5,0.251263743943347,45.125556317576475,134.46882371264005,40.47474841595229,56.310566530003726,2.2199962728289226,1.5001863585538577,797.9819233764931,110.67011493947925,652.8530788071478,76,2.408416805060951,0.0,0.0,7.829051394241513,3.1821054401733884,10.151604157861685
4A_THQ,4A,THQ,3.5,0.2616881755497577,46.9977256490972,132.59665438111932,40.42582929556467,58.52823332090943,2.9095229221021244,2.8116846813268728,804.4722697601816,148.5906254221673,620.9228364898472,66,2.672510981764902,0.0,0.0,7.622556975304492,3.1772958519648036,10.437764557142934
5A_AMP,5A,AMP,3.5,0.06125372717107715,11.000825155829629,168.59355487438688,7.994781960491987,12.951919493104732,2.159429742825196,1.3953596720089452,863.4624657173589,173.2100950747955,663.0631693788988,80,4.722816464279445,1.9999787906265702,0.011546548656779735,6.651533870532589,3.1526301939654657,11.738283026303481
5A_BEMT,5A,BEMT,3.5,0.06572050875885203,11.803034025816444,167.79134600440005,13.142937010808797,9.578829668281774,1.5164927320163997,2.049944092433843,895.5140609132815,206.85163865988534,668.3030492310882,67,4.562655123127322,0.0,0.0,9.977234328887196,3.2057848837929876,11.006784639762515
5A_BENZ,5A,BENZ,3.5,0.10652720834886321,19.131687939763793,160.46269209045272,21.135389489377562,18.372623928438315,1.7540998881848675,1.3487700335445396,897.8741646079379,255.65204556086152,618.1128445269952,67,4.626851772544697,0.0,0.0,10.296071023899048,3.741187352622835,11.074018967818686
5A_BMAE,5A,BMAE,3.5,0.06505078270592621,11.682754990551148,167.91162503966535,8.053019008572493,14.291371598956392,2.3108460678345133,1.3650764070070815,860.7827549086722,172.00033739802677,663.7531133143503,64,4.591601998604626,0.0,0.0,10.08947437386578,2.6714537885840253,10.975307865567915
5A_BOX,5A,BOX,3.5,0.05826616660454715,10.46427606808095,169.13010396213556,8.891632500931792,11.323611628773762,1.9101751770406263,1.1810473350726798,894.0524336646292,240.7397754649488,633.1830589294524,73,5.114097265930714,0.8199913041568931,0.003406131382208098,11.113936130591295,2.078166027537888,9.1363714984772
5A_DADP,5A,DADP,3.5,0.055872623928438316,10.034409255089319,169.5599707751272,8.169493104733508,11.342247484159524,1.77273574357063,1.064573238911666,949.5525310168747,278.28957783929513,648.8533486925182,87,5.614080885902607,7.929915904834337,0.028495195423429234,12.456110901087326,3.736121619497493,11.564355351542808
5A_DBUA,5A,DBUA,3.5,0.055773620946701456,10.016628875963145,169.57775115425338,7.964498695490123,11.06270965337309,2.019660827431979,1.2625792023853895,931.3834329806399,264.3205570020822,650.5631744802035,64,5.121921093913299,0.009999893953134916,3.783244885132465e-05,12.009775083965069,2.631663671479423,9.521384647035521
5A_DEA,5A,DEA,3.5,0.08584723257547522,15.41768051170228,164.17669951851423,14.01882221393962,16.930674617964964,1.546775997018263,1.8426202012672384,817.6695863590022,151.63759809835162,641.3626384328385,64,4.587682776045223,0.25999724278145925,0.0017145961558480104,9.31575790896775,2.2541634992367348,10.874958911719528
5A_DEGE,5A,DEGE,3.5,0.05472535408125233,9.828366038156592,169.76601399205992,7.729221021244875,10.634084979500559,2.1757361162877378,1.35109951546776,1159.5514890040488,459.76836484883376,680.7935186787674,73,5.439340658770417,0.7299922585787031,0.0015877392060645922,12.689798761783406,3.5389439107329697,17.835636628598603
5A_DEPA,5A,DEPA,3.5,0.056897595974655234,10.21848847427795,169.37589155593855,9.672008945210585,9.469344017890421,1.7867126351099514,1.830972791651137,909.8129745362011,236.58046169546287,644.3031329916414,77,5.651362339670055,5.609940507707522,0.023712611208481334,12.881210047374537,2.8303001032699324,9.562511620436025
5A_DETA,5A,DETA,3.5,0.07160827431979128,12.860443631496588,166.73393639871992,12.928624673872532,12.677040626164741,1.8449496831904586,1.1926947446887812,840.5616897439588,175.83958874452406,635.32282979108,70,4.991401350222199,7.799917283443607,0.04435814107126948,11.137067777517855,1.7,10.172300771385295
5A_DMDP,5A,DMDP,3.5,0.05538343272456206,9.946553264112929,169.64782676610358,8.006429370108089,11.069698099142752,1.9311405143496088,1.1461051062243757,976.0732613295429,318.17033735459785,635.053375589355,93,5.346900776987076,1.739981547845111,0.005468710761386653,12.295517477249582,2.6315831937537277,12.297391667309434
5A_DMEDA,5A,DMEDA,3.5,0.062371878494222883,11.201638849489953,168.39274118072655,10.002795378307864,11.810473350726799,1.926481550503168,1.2090011181513232,839.6627768528084,162.13033569046092,650.2830849764794,70,5.14329188691445,7.069925024864916,0.04360642932586539,11.703529087681007,2.0640257127882937,9.490527512017582
5A_EAE,5A,EAE,3.5,0.08266166604547148,14.84557066570125,164.74880936451527,13.797521431233694,15.947633246366006,1.460585165859113,1.85892657472978,831.2108419558795,167.82898807611667,638.7525419507929,64,4.546471917102315,0.009999893953134916,5.9583830348780946e-05,9.492402688486086,2.4821798215207727,10.9554610569291
5A_EDA,5A,EDA,3.5,0.054894241520685796,9.858697273136535,169.73568275707999,7.782799105478941,10.797148714125978,2.096533730898248,1.2812150577711516,850.9228534264744,148.98970753439292,683.4335216241714,64,5.454217224167002,1.109988228797745,0.007450100058364865,12.718636311192656,3.2304210964611384,8.94614146903116
5A_INDO,5A,INDO,3.5,0.05601821654863958,10.060556871451341,169.53382315876516,7.8643309727916515,11.181513231457323,2.0639209839731643,1.2975214312336936,873.163895084472,197.1810825764347,652.4532488948938,66,5.044480295392183,0.5099945916097715,0.002586427586997747,6.713787901935533,2.0256790890369305,12.092659395077376
5A_ISBZ,5A,ISBZ,3.5,0.06440435147223257,11.56665957390377,168.02772045631275,9.578829668281774,13.187197167349982,1.8286433097279164,1.1670704435333583,890.4637735226028,244.51104037389467,631.3331058294515,66,5.222651147089953,0.0,0.0,11.622784207972298,2.583544776169804,8.973981702382964
5A_MEPI,5A,MEPI,3.5,0.06512066716362282,11.695305846404917,167.8990741838116,8.129891912038763,14.44278792396571,2.1571002609019754,1.3184867685426762,852.3424179987956,158.9702090695086,661.9530039410758,77,4.726421637856698,1.2099871683290697,0.007611408297261604,10.423498307816622,2.699360134829412,10.855006380017999
5A_METOX,5A,METOX,3.5,0.05474864890048453,9.832549656774514,169.761830373442,10.000465896384645,8.52124487513977,1.4838799850913158,1.8938688035780842,925.7014681722274,225.12834123357922,681.0635126006462,70,5.422787273008227,0.4899948037035137,0.0021765131880713564,12.656118704177755,3.1218523127033144,8.954805700880888
5A_MOR,5A,MOR,3.5,0.06299501490868431,11.313550647519405,168.2808293826971,12.527953783078644,9.310939247111442,1.4489377562430117,1.9101751770406263,823.2015278385906,130.1992946662525,662.4229957551511,76,4.773366274956595,1.4199849413448666,0.010906241427688201,10.705675519326286,2.4842464933884028,10.799388107507333
5A_MTL,5A,MTL,3.5,0.05520872158032054,9.915176124478503,169.679203905738,7.969157659336563,10.950894521058517,1.9614237793514722,1.2020126723816624,881.3738694708842,197.97111941690045,656.1132638451303,64,5.217758500928728,6.059935735598496,0.030610200889136206,6.871961247790672,1.71008823243208,12.31865901501923
5A_NMA,5A,NMA,3.5,0.07201010995154677,12.932611052655767,166.66176897756074,8.796123742079763,16.031494595601938,2.268915393216549,1.7075102497204624,820.2233652940552,152.88121635393932,639.2828554391435,64,4.634207154907946,2.299975609220557,0.01504420009254651,6.823472732308658,2.0888247023297666,12.362978699950304
5A_OCTA,5A,OCTA,3.5,0.06865565598210958,12.330169971674797,167.26421005854172,12.050409988818485,12.3159709280656,1.8892098397316437,1.2066716362281027,856.3223140686814,192.45016858882062,634.8928575449947,70,5.0278604942559815,7.999915162506269,0.04156876151975989,11.37348638896339,1.7,10.100748607509095
5A_OTL,5A,OTL,3.5,0.09763441110696981,17.53459153237153,162.05978849784498,17.39191203876258,18.31438688035781,1.7028512858740217,1.644614237793515,806.7222303651021,134.20081922138422,631.5225970880481,64,4.346354683421499,5.159945279816548,0.0384494320508167,8.631387199740523,1.7745191840331045,11.526074105165067
5A_PIP,5A,PIP,3.5,0.06421799291837495,11.533190624960383,168.06118940525613,8.087961237420798,14.160920611256056,2.152441297055535,1.2858740216175923,832.0022990815572,139.50010387484735,661.3629816160839,76,4.726271827614235,0.7699918343912306,0.005519650616762476,10.496551589056738,2.623578325201434,10.840829234894747
5A_THQ,5A,THQ,3.5,0.05880194744688781,10.56049929629319,169.03388073392333,7.554509877003354,12.17620201267238,2.348117778606038,1.4419493104733507,856.8234556531631,194.2009411579107,641.2729837072392,66,4.89015628335179,1.109988228797745,0.005715668637749699,6.822578811316626,2.139782820713043,11.66720567142013
H1_AMP,H1,AMP,3.5,0.1487257733879985,26.710313066132063,152.88406696408444,26.92881103242639,32.56149832277301,0.0,0.0,826.5533383903237,162.46007284970514,664.0932655406186,80,3.8239903797439134,2.909969140361653,0.01791190345614162,8.30621440051409,3.1241940518984928,10.7397034826939
H1_BEMT,H1,BEMT,3.5,0.14799781028699216,26.579574984321958,153.01480504589455,25.941110696980996,33.258013417815874,0.0,0.0,853.9144064470387,203.86107144061248,650.0533350064262,67,3.8599298368024773,1.4599845171573942,0.007161664102127059,7.7915654844319215,3.0148977665210754,11.10678671188994
H1_BENZ,H1,BENZ,3.5,0.15027487886694,26.988523704223972,152.60585632599253,29.05329854640328,31.05665300037272,0.0,0.0,917.3247785037004,276.1615292815807,641.1632492221195,67,3.743135179637252,0.8699907739225555,0.0031502967708275276,7.556457153811256,3.735717832598476,11.06878426135625
H1_BMAE,H1,BMAE,3.5,0.14483553857622064,26.011648756938854,153.58273127327766,25.850260901975403,32.083954528512855,0.0,0.0,820.4534963602871,163.10026758660393,657.353228773683,64,3.9122703797740006,0.0,0.0,7.777890192634749,3.028823172692071,11.453242830827254
H1_BOX,H1,BOX,3.5,0.1517366287737607,27.251045772498667,152.34333425771786,28.426667909057024,32.26798360044726,0.0,0.0,867.1928605435859,226.5898650259928,640.602995517593,73,3.7034485734444864,0.0,0.0,7.095270358784951,3.547506522539048,11.139539917294812
H1_DADP,H1,DADP,3.5,0.1537458069325382,27.611882878294562,151.98249715192196,25.959746552366752,35.53857622064853,0.0,0.0,914.0625998289801,257.3195518035392,656.7430480254409,87,3.8993282797361393,3.9399582175343433,0.015311538473930113,10.717879119997688,2.032014665287327,11.046406882255978
H1_DBUA,H1,DBUA,3.5,0.1491159616101379,26.780388677982284,152.81399135223424,28.023667536339914,31.622717107715243,0.0,0.0,892.1235142400935,243.6905875909133,648.4329266491801,64,3.6598041971246222,0.0,0.0,7.261020430173082,4.316918127978214,11.108763092993955
H1_DEA,H1,DEA,3.5,0.15092713380544168,27.10566502552583,152.48871500469068,29.15113678717853,31.219716734998137,0.0,0.0,809.0504077378262,154.5076087176361,654.54279902019,64,3.639203460579114,0.0,0.0,7.507827486519888,3.1354891478915206,11.018241504861848
H1_DEGE,H1,DEGE,3.5,0.15244129705553486,27.377600235690853,152.21677979452565,25.288855758479315,35.687663063734625,0.0,0.0,1037.601338131648,401.5085259420389,636.0928121896088,73,4.110527550738226,4.659950582159899,0.011606106174772991,14.858013496669994,1.9863485451856162,12.592036285739765
H1_DEPA,H1,DEPA,3.5,0.14503354453969436,26.047209515191202,153.5471705150253,24.569045844204247,33.4443719716735,0.0,0.0,887.13330334554,228.450411846051,658.6828914994888,77,3.921642215369219,1.9199796390015031,0.008404360593997729,8.0050890180952,2.8888922103662904,11.464524584063739
H1_DETA,H1,DETA,3.5,0.1562965896384644,28.069989116957178,151.52439091325934,30.206392098397316,32.312243756988444,0.0,0.0,849.3025047903249,185.1395069395545,664.1629978507706,70,3.8672826925327044,1.4899841990167868,0.008047899789985106,8.273211799621988,2.0239115340256495,11.012733905136187
H1_DMDP,H1,DMDP,3.5,0.1541476425642937,27.68405029945374,151.91032973076278,26.509504286246738,35.14955273947074,0.0,0.0,919.9832574550339,286.2201899284709,633.7630675265634,93,4.0756222191584435,4.769949415644359,0.016665314270235144,10.794215994878606,2.0561912972722842,11.567653565768541
H1_DMEDA,H1,DMEDA,3.5,0.15298290160268357,27.474869368557574,152.11951066165895,27.18971300782706,34.00344763324637,0.0,0.0,805.5434850611341,145.39029505925194,660.153190001882,70,4.131404711850196,1.3799853655323269,0.009491592027995622,5.272365574518608,1.9577606505065162,10.481570058185136
H1_EAE,H1,EAE,3.5,0.14710095974655238,26.41850566753191,153.1758743626846,27.56010063361908,31.280283265001863,0.0,0.0,828.3220844554357,174.77912671216532,653.5429577432704,64,3.657863951980445,0.0,0.0,5.766580947035475,4.054523248744511,10.782633442889994
H1_EDA,H1,EDA,3.5,0.1475959746552367,26.507407563162783,153.08697246705373,28.929836004472605,30.108553857622066,0.0,0.0,798.3031540133787,125.23968686574914,673.0634671476297,70,4.1807877915743346,7.789917389490484,0.06220007079577656,6.910259190380763,2.00307946546123,11.397011494367945
H1_INDO,H1,INDO,3.5,0.1600645266492732,28.74668942840629,150.84769060181023,32.13986209467014,31.885948565039136,0.0,0.0,828.7539401786967,175.3607058254793,653.3932343532175,66,3.9829340270148843,6.829927569989727,0.038947879103468815,6.989409435157976,1.915860275509052,11.306739896997875
H1_ISBZ,H1,ISBZ,3.5,0.15129402720834886,27.171557018758122,152.42282301145838,27.86526276556094,32.6523481177786,0.0,0.0,866.3341060456136,225.0611747915501,641.2729312540636,66,3.6654793485351957,0.0,0.0,7.465877804805658,4.105448531566367,11.027632433561063
H1_MEPI,H1,MEPI,3.5,0.14628564107342526,26.272079015904588,153.32230101431193,24.84159522922102,33.672661200149086,0.0,0.0,829.7836433774355,165.57026938489093,664.2133739925446,77,4.035156709552431,0.649993106953636,0.003925783954863523,7.3126062085166685,2.7991609489544036,11.40924059861765
H1_METOX,H1,METOX,3.5,0.14449193999254567,25.94994038232449,153.64443964789203,26.733134550875885,31.06364144614238,0.0,0.0,856.7118412972005,198.60843985172022,658.1034014454805,70,3.9978599647152477,6.43993170581755,0.03242526707639193,8.475646777382314,2.0783111105188588,11.368244894653
H1_MOR,H1,MOR,3.5,0.14598280842340663,26.217691973871585,153.37668805634493,28.016679090570253,30.3764442787924,0.0,0.0,814.9726950572446,143.57933838987515,671.3933566673693,76,3.8839948160184257,1.6799821841263136,0.011700723815598677,4.63824411545424,3.091909366898811,10.513676684796001
H1_MTL,H1,MTL,3.5,0.15475913156913904,27.793870288174233,151.80050974204227,32.38212821468505,29.521524412970557,0.0,0.0,823.6739319293549,166.4809505656569,657.1929813636981,64,3.823302240780083,12.539867017228573,0.07532313441640934,7.860263001252472,1.8088687754853998,11.43881742560465
H1_NMA,H1,NMA,3.5,0.15354197726425642,27.57527621538773,152.01910381482878,30.66995900111815,30.74683190458442,0.0,0.0,829.2442976379791,171.62096511041184,657.6233325275672,64,3.956495797036312,4.5999512184411016,0.026802967897784146,6.8010952396201505,1.8352190582570296,11.361710388161844
H1_OCTA,H1,OCTA,3.5,0.1554929183749534,27.92565427463882,151.6687257555777,29.65896384644055,32.538203503540814,0.0,0.0,862.2530776255367,198.4800730528953,663.7730045726415,70,3.8834844585827817,1.6199828204075164,0.00816194187905094,8.88069041234409,2.029084359928006,11.064458773054557
H1_OTL,H1,OTL,3.5,0.1592259131569139,28.596079158161047,150.99830087205547,34.05469623555721,29.63566902720835,0.0,0.0,811.1537288851646,155.7707320370325,655.3829968481323,64,3.8103871630675537,10.87988462100853,0.069845499720846,7.685947306635849,1.8708511087716841,11.408013313880513
H1_PIP,H1,PIP,3.5,0.1473455553484905,26.462433663020104,153.1319463671964,25.195676481550503,33.742545657845696,0.0,0.0,817.1335085519008,148.09014243889752,669.0433661130033,76,4.032933361745021,0.639993213000501,0.00432164627881673,7.339994283023698,2.797125817480187,11.398424016822025
H1_THQ,H1,THQ,3.5,0.15620923406634366,28.054300547139967,151.54007948307654,31.85100633619083,30.632687290346624,0.0,0.0,837.9638563573889,190.28073533081567,647.6831210265731,66,3.9783538361786017,5.289943901207265,0.02780073291187543,6.901817625791214,2.1187203476738343,11.426367219705915
H3_AMP,H3,AMP,3.5,0.16666860790160268,29.932745306587577,149.66163472362894,34.322586656727545,30.220368989936638,1.2066716362281027,0.9178158777487887,821.7630761698298,152.22009205329826,669.5429841165318,80,3.9274589920579692,1.9599792148140307,0.01287595604743009,7.271538913073363,3.2016335130051568,10.807438770879747
H3_BEMT,H3,BEMT,3.5,0.1684972512113306,30.261159368094567,149.33322066212196,33.661013790532984,31.387439433469996,1.0179836004472607,1.3324636600819977,841.4041445444516,185.68115763768967,655.7229869067619,67,3.784443010318031,0.0,0.0,7.695892186513097,3.021999587230966,10.822676168242129
H3_BENZ,H3,BENZ,3.5,0.1675538110324264,30.09172281406867,149.50265721614784,32.708255683935896,31.834699962728287,1.3487700335445396,1.1297987327618337,913.8045674545999,267.761737842007,646.042829612593,67,3.7498127466594915,0.0,0.0,7.526998353460246,4.369804402547381,10.93570012640918
H3_BMAE,H3,BMAE,3.5,0.16586493663809168,29.78841046426922,149.8059695659473,32.11423779351472,31.89759597465524,1.2486023108460678,1.0855385762206486,821.9932147777084,157.3203300763509,664.6728847013577,64,3.8011756978352107,0.01999978790626983,0.00012712780285016888,4.764070503532393,4.3178125960722635,10.444370511215812
H3_BOX,H3,BOX,3.5,0.16078084234066345,28.87533570090744,150.71904432930907,31.916231830041,30.15980245993291,0.9853708535221767,1.2509317927692882,869.5828017126998,222.50987261331343,647.0729290993862,73,3.770512456786345,0.029999681859392606,0.00013482404851099464,6.721396651351561,4.033570627564252,10.71361757551261
H3_DADP,H3,DADP,3.5,0.1659697633246366,29.807236748049874,149.78714328216665,32.82705926202013,31.10557212076034,1.1111628773760716,1.3441110696980991,903.8823785551429,246.4795596361105,657.4028189190324,87,3.7913321356300345,4.519952066816047,0.01833804017456485,10.926782991820227,2.0046205528230523,11.095737147232166
H3_DBUA,H3,DBUA,3.5,0.16128750465896385,28.966329405847272,150.62805062436925,31.697260529258298,30.453317182258665,1.241613865076407,1.1228102869921728,888.8432672868381,237.52055525618042,651.3227120306575,64,3.7663470716333354,0.059999363718797355,0.0002526070371218372,6.88995316008016,4.088094104324973,10.724680950225194
H3_DEA,H3,DEA,3.5,0.16141562616474095,28.989339308245846,150.60504072197068,31.846347372344393,30.18076779724189,1.2136600819977637,1.325475214312337,806.6702639707038,149.59760253024362,657.0726614404603,64,3.7654454335890994,0.25999724278145925,0.0017379773364275442,5.859015442975426,3.330189487302891,10.87349356925887
H3_DEGE,H3,DEGE,3.5,0.16283661013790532,29.244540043939175,150.34983998627735,30.502236302646295,32.59644055162132,1.080879612374208,0.9550875885203132,1087.1511845609498,418.3483382168716,668.8028463440784,73,3.9188995052934184,2.19997666968922,0.005258719752697459,15.151629904727336,2.2758011179536286,12.23642048878551
H3_DEPA,H3,DEPA,3.5,0.16274925456578457,29.228851474121964,150.36552855609455,31.054323518449497,32.01872903466269,1.048266865449124,0.9783824077525158,892.7132591546531,229.82034690074175,662.8929122539112,77,3.8893688196676592,2.2899757152674223,0.009964199193626887,8.049849316362051,2.8539062020914745,10.995966845390116
H3_DETA,H3,DETA,3.5,0.1690621505777115,30.36261211957921,149.2317679106373,33.35352217666791,31.892937010808794,1.283544539694372,1.0948565039135296,843.1523516948002,182.6295388730182,660.522812821782,70,3.7880965550984835,4.669950476113034,0.025570619654031092,8.500627257060613,2.021253574957458,10.975760874861537
H3_DMDP,H3,DMDP,3.5,0.16244059821095788,29.173418527434478,150.42096150278203,30.47894148341409,32.47530749161386,1.080879612374208,0.9411106969809914,968.7430261359996,302.6001971292089,666.1428290067913,93,3.9172417299744215,2.139977305970423,0.007071962696232687,10.191046366697249,2.427194377554433,11.034891334446451
H3_DMEDA,H3,DMEDA,3.5,0.16235324263883713,29.157729957617267,150.43665007259924,30.255311218784943,32.42172940737979,1.3860417443160642,0.878214685054044,823.753137011825,153.34034956951623,670.4127874423085,70,3.7974122843011133,4.469952597050372,0.0291505308915703,7.015801434639139,2.0965163394598934,11.312806756752078
H3_EAE,H3,EAE,3.5,0.16171263510995154,29.04268044562437,150.55169958459214,31.750838613492363,30.392750652254936,1.1367871785314947,1.4046775997018262,825.4616746320723,166.2791610136319,659.1825136184406,64,3.7415075545583227,0.009999893953134916,6.013918937391743e-05,6.973333898395638,3.711455671906901,11.093226723597908
H3_EDA,H3,EDA,3.5,0.15625,28.06162187972133,151.53275815049517,31.392098397316435,29.020685799478198,0.92946328736489,1.1577525158404771,796.4127275404662,112.35968340078188,684.0530441396845,64,3.8234629572347107,4.269954717987723,0.03800255206092908,7.297888162891794,1.970560100872008,10.995655307099929
H3_INDO,H3,INDO,3.5,0.17013953596720088,30.556104480658167,149.03827554955834,33.61209467014536,32.102590383898615,0.878214685054044,1.4629146477823332,841.134125580313,167.53126973752518,673.6028558427879,66,3.792293083202958,0.0,0.0,6.721493501034862,3.545980566736313,11.363294306657163
H3_ISBZ,H3,ISBZ,3.5,0.1659697633246366,29.807236748049874,149.78714328216665,32.8806373462542,31.100913156913904,1.1414461423779352,1.2649086843086097,860.423975297595,218.6911868599265,641.7327884376683,66,3.793968506309587,0.0,0.0,7.598721438645663,3.967589565004843,10.952572583139185
H3_MEPI,H3,MEPI,3.5,0.1642226518822214,29.493465351705623,150.1009146785109,32.065318673127095,31.471300782705924,1.2183190458442044,0.9341222512113306,841.723346977121,164.26021889621057,677.4631280809105,77,3.774670227594723,0.0,0.0,4.546012193501474,4.5714142058333005,10.345076684836906
H3_METOX,H3,METOX,3.5,0.16496226239284384,29.62629524282469,149.96808478739183,33.36284010436079,30.711889675736117,0.7454342154304883,1.1647409616101378,854.9316982064586,188.18849514798944,666.743203058469,70,3.8643112942578783,1.9499793208609077,0.010361841298148777,8.408927495384438,2.474315378435609,11.00098727901822
H3_MOR,H3,MOR,3.5,0.15786316623183005,28.35133746901253,151.243042561204,32.414740961610136,28.31951174058889,0.9434401789042116,1.4675736116287739,818.212326703108,134.7792713170852,683.4330553860232,76,3.7521225804424354,0.0,0.0,5.694581336739451,3.6013847566689816,10.693945458892998
H3_MTL,H3,MTL,3.5,0.16853219344017892,30.267434796021455,149.32694523419505,33.991800223630264,31.15915020499441,0.8153186731270965,1.4466082743197912,839.4442621829007,165.6813106770674,673.7629515058333,64,3.836083897698537,1.2299869562353396,0.007423812325052949,6.789049087353752,3.101768884079492,11.490175327838724
H3_NMA,H3,NMA,3.5,0.16738492359299292,30.061391579088724,149.53298845112778,31.18011554230339,33.49562057398435,0.9317927692881103,1.3464405516213194,834.664306408352,162.29136501301087,672.3729413953412,64,3.862429881277588,0.2799970306877169,0.0017252737424771159,6.803649336623909,3.093755918897952,11.404125333726865
H3_OCTA,H3,OCTA,3.5,0.16857295937383526,30.27475612860282,149.31962390161368,32.712914647782334,32.34951546775997,1.316157286619456,1.0505963473723445,851.3429000254083,193.81016177806507,657.5327382473433,70,3.7935220238730656,4.769949415644359,0.02461145159718973,9.118288173342636,2.0007535842325335,11.102783562327785
H3_OTL,H3,OTL,3.5,0.16580087588520312,29.77690551306993,149.8174745171466,33.03438315318673,31.131196421915767,0.743104733507268,1.411666045471487,815.1138617860778,155.78098942475404,659.3328723613238,64,3.954933511012543,1.0399889711258126,0.006675968453956651,6.794765938186701,2.5596649007346977,11.11110102870703
H3_PIP,H3,PIP,3.5,0.16329085911293328,29.326120606988685,150.26825942322782,31.70657845695117,31.45965337308982,1.2439433469996273,0.9061684681326873,821.5332422651226,144.34011460119387,677.1931276639287,76,3.7754559602510267,0.0,0.0,4.765203550010977,4.110557024125047,10.452441209941485
H3_THQ,H3,THQ,3.5,0.16329085911293328,29.326120606988685,150.26825942322782,31.76947446887812,30.95182631382781,1.2718971300782704,1.3231457323891167,823.7833191503358,176.22073563893002,647.5625835114057,66,3.7251652074936215,0.9899895013601502,0.005617894499025377,6.810457487070192,2.479573113460167,10.885221367353466
TS3A_AMP,TS3A,AMP,3.5,0.20576313827804696,36.953903252117556,142.64047677809896,34.669679463287366,47.633246366008194,0.0,0.002329481923220276,810.5832820923665,139.09013767355128,671.4931444188151,80,2.224788868423474,0.0,0.0,7.33743823422505,3.4021142332866647,9.947615864593638
TS3A_BEMT,TS3A,BEMT,3.5,0.21688059075661573,38.95053523752151,140.643844792695,37.246086470368994,49.5061498322773,0.0,0.0,836.0443800220339,176.91118662797572,659.1331933940583,67,2.285881800728113,0.0,0.0,7.46792145708408,3.9762670937422913,10.030198020493415
TS3A_BENZ,TS3A,BENZ,3.5,0.21940225493850168,39.40341195291172,140.1909680773048,39.80851658591129,47.95238538948938,0.0,0.0,902.9746395496165,257.4215322292592,645.5531073203572,67,2.306392697569085,0.0,0.0,7.530398914965227,5.067040105550694,10.062119150947485
TS3A_BMAE,TS3A,BMAE,3.5,0.21840057771151697,39.223516352341015,140.3708636778755,39.16790905702572,48.185333581811406,0.0069884457696608275,0.0,816.9435668870123,148.0802603449809,668.8633065420312,64,2.2839062064633917,0.0,0.0,7.428203770574594,3.870553650990862,10.086940359683108
TS3A_BOX,TS3A,BOX,3.5,0.2389466082743198,42.91346797334947,136.68091205686704,46.53140141632501,49.03792396571003,0.009317927692881103,0.0,851.6627871217245,206.11984483914944,645.5429422825752,73,2.3075882986789478,0.0,0.0,7.451286575040397,4.1470613722561644,10.043830962718637
TS3A_DADP,TS3A,DADP,3.5,0.2123613958255684,38.138913225644366,141.45546680457215,36.393496086470364,48.455553484904954,0.04658963846440552,0.048919120387625796,887.8628191854091,226.07964524779018,661.7831739376192,87,2.2519270272619845,1.4599845171573942,0.006457832661393319,10.576563138084348,2.863755240891252,9.957459790204295
TS3A_DBUA,TS3A,DBUA,3.5,0.24307561498322772,43.65501437337639,135.93936565684012,39.577897875512484,57.61041744316064,0.03727171077152441,0.004658963846440552,866.6533838526684,213.66044678562807,652.9929370670401,64,2.283431577023713,0.0,0.0,7.5754337409373615,4.038424332490901,10.091892232075168
TS3A_DEA,TS3A,DEA,3.5,0.2395580972791651,43.02328796206996,136.57109206814656,37.59084979500559,58.220741707044354,0.01164740961610138,0.0,792.7104629441583,137.11746509639647,655.5929978477619,64,2.3047628176743045,0.0,0.0,7.3857552740360495,3.3855233163826846,10.058244539859436
TS3A_DEGE,TS3A,DEGE,3.5,0.19292769288110323,34.64872939364175,144.94565063657475,39.0397875512486,38.1312896011927,0.0,0.0,1066.3717169342806,399.5985216797464,666.7731952545339,73,2.2487231385924327,0.2799970306877169,0.0007006958622137178,15.321710731668603,3.7700534375713315,11.920827892442318
TS3A_DEPA,TS3A,DEPA,3.5,0.18888604174431606,33.92287156343204,145.67150846678447,37.67937010808796,37.828456951174054,0.03261274692508386,0.013976891539321655,895.4637225916704,220.4704671147417,674.9932554769288,77,2.248187997262017,0.009999893953134916,4.535706792842494e-05,7.686260857243646,5.25761524059083,9.93387504755999
TS3A_DETA,TS3A,DETA,3.5,0.21223327431979128,38.11590332324579,141.47847670697072,44.278792396571006,40.539973909802455,0.05124860231084607,0.02329481923220276,828.9127733490009,163.59964356613082,665.3131297828699,70,2.2534012688822203,1.4499846232042592,0.008863006004155146,8.340799810951088,2.896919942509168,9.953452448354607
TS3A_DMDP,TS3A,DMDP,3.5,0.18939270406261646,34.01386526837187,145.58051476184465,37.58619083115915,38.138278046962355,0.025624301155423034,0.0069884457696608275,992.5635512283808,300.7302437227181,691.8333075056626,93,2.242797977190545,0.0,0.0,10.321325957837288,4.79017298820592,9.97694520384931
TS3A_DMEDA,TS3A,DMEDA,3.5,0.1916231830040999,34.41444675103804,145.17993327917847,40.40020499440924,36.249068207230714,0.0,0.0,812.4934935009277,137.59038835956767,674.9031051413599,70,2.5001178626816776,2.2399762455017598,0.016280034326583814,6.997083715102737,2.6884388337169858,9.993172041068833
TS3A_EAE,TS3A,EAE,3.5,0.2416604547148714,43.40085954233754,136.19352048787897,39.15626164740962,57.50559075661573,0.002329481923220276,0.0,802.7519930826769,147.40907616877857,655.3429169138983,64,2.2909377675091918,0.0,0.0,7.450239732336321,3.3600552207346337,10.048862670340885
TS3A_EDA,TS3A,EDA,3.5,0.18847255870294446,33.848612332963896,145.74576769725263,40.015840477077894,35.373183004099886,0.0,0.0,772.6230119484611,88.50977962869828,684.1132323197628,64,2.5083716067201847,2.2899757152674223,0.02587257278092831,7.151389357521065,2.300697905666363,10.04163210305723
TS3A_INDO,TS3A,INDO,3.5,0.22464941297055535,40.34577204659897,139.24860798361755,41.252795378307866,48.606969809914276,0.0,0.0,795.2036516618695,150.71070583514813,644.4929458267213,66,2.3622084065128544,0.6799927888130286,0.004511907664720415,7.293415092351286,2.6302623611238953,10.000795585742045
TS3A_ISBZ,TS3A,ISBZ,3.5,0.24283684308609765,43.612132282542674,135.98224774767385,45.778978755124854,51.355758479314204,0.0,0.0,843.1142938591214,206.83127088505628,636.283022974065,66,2.3096981140183668,0.0,0.0,7.37560978262142,4.042810087067362,10.122513211659946
TS3A_MEPI,TS3A,MEPI,3.5,0.21838893030190085,39.22142454303205,140.37295548718447,38.25708162504659,49.098490495713754,0.0,0.0,825.6134488032258,149.99017231647517,675.6232764867507,77,2.2753781095237775,0.0,0.0,7.465731294126177,3.987028300241591,10.028997666206424
TS3A_METOX,TS3A,METOX,3.5,0.1872612281028699,33.631064164831876,145.96331586538463,34.42275437942602,40.47008945210585,0.004658963846440552,0.0069884457696608275,879.0318264190737,185.07842360424343,693.9534028148304,70,2.2505687863071415,0.0,0.0,8.634002362472822,4.114416726991987,9.891258599065708
TS3A_MOR,TS3A,MOR,3.5,0.21803950801341782,39.1586702637632,140.43570976645333,38.2128214685054,49.00298173686173,0.0,0.0,795.9524828416738,119.54920292502084,676.4032799166532,76,2.276203975276381,0.0,0.0,7.469387862709072,3.36541792706047,10.029388379337176
TS3A_MTL,TS3A,MTL,3.5,0.194395266492732,34.912297366570925,144.6820826636456,36.51695862840104,41.24114796869176,0.0,0.0,808.013997896107,147.08096923609938,660.9330286600074,64,2.3004598512927803,1.8699801692358407,0.012713950546750102,7.121887809373785,2.9238490271790765,9.953845182573826
TS3A_NMA,TS3A,NMA,3.5,0.23286666045471488,41.82154351407146,137.77283651614505,37.79584420424897,55.350819977636974,0.0,0.0,796.3738368846125,144.96081306625948,651.413023818353,64,2.2944727098180966,0.0,0.0,7.347404163993538,2.788814008429946,10.034439982168793
TS3A_OCTA,TS3A,OCTA,3.5,0.2127632314573239,38.211080646803545,141.38329938341298,44.127376071561685,40.903373089824825,0.05124860231084607,0.02329481923220276,840.5734323609329,176.8502693556581,663.7231630052747,70,2.2507827165232985,1.559983456688719,0.008820927795996084,8.914074497985494,2.8565436528425168,9.9384438563692
TS3A_OTL,TS3A,OTL,3.5,0.21510436079016027,38.631534317904844,140.96284571231166,39.36358553857622,46.524412970555346,0.06289601192694744,0.09084979500559076,795.1838532808873,136.22085142861673,658.9630018522706,64,2.3250144882774384,0.9099903497350831,0.006680257392253503,6.815685337250331,3.2060341426845818,9.996086151681157
TS3A_PIP,TS3A,PIP,3.5,0.21899459560193812,39.330198627098056,140.26418140311847,38.63911666045472,48.93542676108834,0.02329481923220276,0.0,804.3934848799677,130.00006099833922,674.3934238816283,76,2.278687766895675,0.0,0.0,7.471450727307894,3.4547584179400923,10.081584082357644
TS3A_THQ,TS3A,THQ,3.5,0.22852217666790905,41.04129864182874,138.55308138838777,41.55329854640328,49.85557212076034,0.0,0.0,808.6835459450549,162.40066650198492,646.28287944307,66,2.6040356874059922,0.3899958641721767,0.0024014425098890222,6.942386357297682,2.6620258638571386,10.237021346324035
TS5A_AMP,TS5A,AMP,3.5,0.0,0.0,179.5943800302165,0.0,0.0,0.0,0.0,874.2621172200002,223.72989763621655,628.1327847956175,82,5.421717603135929,4.179955672409521,0.018683044673833013,12.826899706939997,3.46330361462948,8.891212600027314
TS5A_BEMT,TS5A,BEMT,3.5,0.0,0.0,179.5943800302165,0.0,0.0,0.0,0.0,891.7941399481078,258.55152418903253,622.4829249716288,69,5.338333852358993,0.0,0.0,13.269316931192671,3.13334327532056,9.89505781192618
TS5A_BENZ,TS5A,BENZ,3.5,0.10075009317927693,18.094150522518785,161.50022950769772,16.618524040253448,20.20359672008945,2.210678345136042,1.2672381662318302,930.774539648028,289.8423187803788,629.9626403786452,67,5.11660204938678,0.0,0.0,11.6102174278759,4.364966444573504,9.455433442642592
TS5A_BMAE,TS5A,BMAE,3.5,0.0,0.0,179.5943800302165,0.0,0.0,0.0,0.0,885.643507322081,247.5203368751798,624.0834800297948,66,5.567481437535827,1.2299869562353396,0.004969235949511497,12.386847995766962,3.908765279431368,8.562414091296798
TS5A_BOX,TS5A,BOX,3.5,0.005439340290719344,0.9768749472851183,178.6175050829314,0.013976891539321655,2.161759224748416,0.0,0.0,909.4918071296084,288.60924006497345,605.522917269391,75,5.174250749890171,0.10999883348445978,0.00038113413645279057,12.534862074833603,3.4186826232236767,9.969788357334885
TS5A_DADP,TS5A,DADP,3.5,0.0,0.0,179.5943800302165,0.0,0.0,0.0,0.0,960.282434992897,327.3494653659327,617.0433635104765,89,5.504657972964442,8.469910178303513,0.02587421417913511,12.105305947340067,3.8563120829403066,11.683322533030433
TS5A_DBUA,TS5A,DBUA,3.5,0.0,0.0,179.5943800302165,0.0,0.0,0.0,0.0,924.5829540355285,310.6404060991468,603.8227408797773,66,5.366497321468632,0.2799970306877169,0.0009013541869963644,12.514175284164866,3.2381545719803024,8.898080003261624
TS5A_DEA,TS5A,DEA,3.5,0.0,0.0,179.5943800302165,0.0,0.0,0.0,0.0,868.3799165082886,237.04716189074816,621.1529535518583,66,5.358387810846281,0.11999872743759471,0.0005062230084530627,13.040291448957666,3.1658561154134577,9.506317741987065
TS5A_DEGE,TS5A,DEGE,3.5,0.0,0.0,179.5943800302165,0.0,0.0,0.0,0.0,1111.3510981790046,484.59838773846303,608.4833364193329,75,5.492491717194573,5.719939341191981,0.011803463416141252,12.853142853952509,4.195248360698313,17.869250841537372
TS5A_DEPA,TS5A,DEPA,3.5,0.0,0.0,179.5943800302165,0.0,0.0,0.0,0.0,934.2431243890446,303.91017640750005,612.853485838804,79,5.516312230714556,8.009915056459404,0.02635619231690108,13.05898860564632,4.817675046095467,9.45418828246503
TS5A_DETA,TS5A,DETA,3.5,0.0,0.0,179.5943800302165,0.0,0.0,0.0,0.0,906.6921595273104,264.3493720346625,624.343255289285,72,5.529099708384811,6.819927676036592,0.025798917635190512,12.190905114361431,3.6709722144106673,8.64815884209018
TS5A_DMDP,TS5A,DMDP,3.5,0.0,0.0,179.5943800302165,0.0,0.0,0.0,0.0,982.8830156039584,370.2501632667154,595.6133701390578,95,5.540634390950642,6.239933826754888,0.016853291222615495,12.954111882899975,3.9295109553058287,12.389579940653187
TS5A_DMEDA,TS5A,DMEDA,3.5,0.0,0.0,179.5943800302165,0.0,0.0,0.0,0.0,875.3730729371672,232.01023996346518,625.723301172962,72,5.551960340522076,6.569930327208279,0.028317415335818157,12.114691608598703,3.7435017793061514,8.404073466731171
TS5A_EAE,TS5A,EAE,3.5,6.988445769660827e-05,0.012550855853770256,179.58182917436275,0.02795378307864331,0.0,0.0,0.0,880.3815102440028,249.12880527572705,619.9229423358672,66,5.323431907187036,0.059999363718797355,0.00024083671758627894,12.9889068318913,3.229121527564276,9.624454885727475
TS5A_EDA,TS5A,EDA,3.5,0.0,0.0,179.5943800302165,0.0,0.0,0.0,0.0,821.1522894368851,174.59964994006654,628.2832599309763,66,5.486028324826714,5.579940825848118,0.03195848804830651,12.89658989954365,4.173909601028203,8.787194638703802
TS5A_INDO,TS5A,INDO,3.5,2.3294819232202757e-05,0.004183618617923418,179.59019641159858,0.0,0.009317927692881103,0.0,0.0,860.4336501380656,233.60098337871216,608.9530098332546,68,5.275018213497277,1.7099818659857184,0.007320097035779634,13.23397515486035,2.3791603284747085,10.207647551164989
TS5A_ISBZ,TS5A,ISBZ,3.5,0.002801202012672382,0.5030801388052911,179.0912998914112,0.0,1.1204808050689525,0.0,0.0,920.7944093329253,301.59146955285513,611.3231333120125,68,5.463273443923248,0.0,0.0,12.380192113605696,3.6512213877468165,8.475558094544049
TS5A_MEPI,TS5A,MEPI,3.5,0.0,0.0,179.5943800302165,0.0,0.0,0.0,0.0,876.4527268864798,226.62018556274342,634.0828731749352,79,5.365639326361398,0.01999978790626983,8.825245578458222e-05,13.214516800396025,3.3089433980110425,9.553338645444388
TS5A_METOX,TS5A,METOX,3.5,0.0,0.0,179.5943800302165,0.0,0.0,0.0,0.0,884.4308343718783,249.6283613703796,614.2431656072937,72,5.546376947432801,6.279933402567428,0.0251571310571147,13.10676359678068,4.0900343234965835,9.068740480241214
TS5A_MOR,TS5A,MOR,3.5,0.0,0.0,179.5943800302165,0.0,0.0,0.0,0.0,845.9918353411243,196.10925014448057,633.5129161148532,78,5.391877706772104,0.15999830325012224,0.0008158631126897169,13.266206100921929,3.1484878950842785,9.534625850327327
TS5A_MTL,TS5A,MTL,3.5,0.0,0.0,179.5943800302165,0.0,0.0,0.0,0.0,893.0039570868914,248.00106249316235,624.0633571513879,66,5.32497584106069,5.229944537488468,0.021088395690371943,12.841420601660628,2.7104397176221617,9.481712081102625
TS5A_NMA,TS5A,NMA,3.5,0.0,0.0,179.5943800302165,0.0,0.0,0.0,0.0,855.8139380588805,228.21128130545674,615.1028606228089,66,5.40548224544573,1.4599845171573942,0.006397512466542927,13.37197072360071,3.1215812183295664,9.578026610148871
TS5A_OCTA,TS5A,OCTA,3.5,0.0,0.0,179.5943800302165,0.0,0.0,0.0,0.0,916.2028020188537,276.26999530419573,622.0832817125255,72,5.548528121353626,7.489920570896498,0.02711087232853313,12.123268503591609,3.744404384184475,9.244636489915388
TS5A_OTL,TS5A,OTL,3.5,1.1647409616101379e-05,0.002091809308961709,179.59228822090756,0.0,0.004658963846440552,0.0,0.0,859.9834989849147,224.59101982438062,611.6930343276911,66,5.286531178604454,3.829959384049871,0.017053038839418937,13.205612609435233,2.402452379680156,10.142328466468607
TS5A_PIP,TS5A,PIP,3.5,0.0,0.0,179.5943800302165,0.0,0.0,0.0,0.0,853.6426141449299,206.73007409221847,632.2428891296112,78,5.329965552253785,0.0,0.0,13.204692162552494,3.1852526027946952,9.759610609164238
TS5A_THQ,TS5A,THQ,3.5,0.0,0.0,179.5943800302165,0.0,0.0,0.0,0.0,874.4738654418275,254.4609762302026,608.3930397140965,68,5.327016172062744,1.6799821841263136,0.006602121115052582,13.002956424433531,2.863779724975667,9.553235346167325
TSH2_AMP,TSH2,AMP,3.5,0.15888813827804696,28.535416688201156,151.05896334201535,26.299850913156916,37.25540439806187,0.0,0.0,829.0132853423191,160.78012629553592,668.2331590467832,80,3.322476185553329,0.6199934250942312,0.003856157097143948,7.123869988749369,3.142899156465089,10.644294182329407
TSH2_BEMT,TSH2,BEMT,3.5,0.1604547148714126,28.81676504025651,150.77761498996,27.2060193812896,36.97586656727544,0.0,0.0,848.1842363984865,188.8012116085831,659.3830247899034,67,3.349369057987638,0.01999978790626983,0.00010593040021232905,7.027467764606821,3.1431168139172345,10.729093907386401
TSH2_BENZ,TSH2,BENZ,3.5,0.16963869735370854,30.466156680372816,149.1282233498437,30.164461423779354,37.69101751770406,0.0,0.0,919.7545457145197,266.05155394583136,653.7029917686883,67,3.346561394582921,0.0,0.0,6.983902895266352,4.838131222913249,10.725954008468499
TSH2_BMAE,TSH2,BMAE,3.5,0.16539904025344762,29.70473809191075,149.88964193830577,28.592061125605667,37.56755497577339,0.0,0.0,829.4232970919531,160.13027909869922,669.293017993254,64,3.3735012687953745,0.029999681859392606,0.00018734546663034138,6.195234741269224,4.1981232564681905,10.721756876898056
TSH2_BOX,TSH2,BOX,3.5,0.16589405516213193,29.793639987541624,149.80074004267487,32.729221021244875,33.6284010436079,0.0,0.0,866.5528225993559,219.2798156534538,647.2730069459017,73,3.372371577086517,0.0,0.0,6.852217372663925,3.7193683790825767,10.784060929996093
TSH2_DADP,TSH2,DADP,3.5,0.16642401229966455,29.888817311099384,149.70556271911713,30.264629146477823,36.304975773388,0.0,0.0,914.2625213886774,251.42959339313964,662.8329279955377,87,3.3601543252898374,1.8999798510952333,0.007556707328895815,10.474373762374073,2.0732026839443183,10.80345497504056
TSH2_DBUA,TSH2,DBUA,3.5,0.1668083768169959,29.95784701829512,149.6365330119214,33.5818114051435,33.14153932165486,0.0,0.0,885.6931783673584,234.18056998846436,651.512608378894,64,3.398933324486669,0.0,0.0,7.057870047337712,4.240804607530175,10.797096132463844
TSH2_DEA,TSH2,DEA,3.5,0.17245737048080506,30.972374533141547,148.62200549707495,32.431047335072684,36.55190085724935,0.0,0.0,804.3901949482864,147.12755202691088,657.2626429213756,64,3.377130910874051,0.0,0.0,7.02792611213701,3.103494344807471,10.783657899754067
TSH2_DEGE,TSH2,DEGE,3.5,0.16298802646291466,29.27173356495568,150.32264646526085,32.47996645546031,32.71524412970555,0.0,0.0,1104.0513876086573,427.6082722345447,676.4431153741125,73,3.3619636488909275,2.379974760845612,0.0055657827862137035,15.746936063041053,3.62380848924819,11.563044749877646
TSH2_DEPA,TSH2,DEPA,3.5,0.16502049944092434,29.6367542893695,149.95762574084702,31.466641818859486,34.54155795751025,0.0,0.0,900.3234720126873,233.59042440985436,666.733047602833,77,3.3675913707531384,2.1799768817829626,0.009332475367046754,7.565087179573169,3.5654680135249293,10.811173049174494
TSH2_DETA,TSH2,DETA,3.5,0.16276672568020872,29.231989188085407,150.3623908421311,32.86433097279165,32.242359299291834,0.0,0.0,853.9824914137811,189.2495955847527,664.7328958290284,70,3.3589127491539577,1.7999809115639085,0.009511147994806747,8.306148203353317,2.074653678308354,10.783643354483846
TSH2_DMDP,TSH2,DMDP,3.5,0.15566180581438688,27.955985509618763,151.63839452059776,31.743850167722698,30.520872158032052,0.0,0.0,989.8635768932523,313.4202071098159,676.4433697834364,93,3.35728366205017,1.7699812297045159,0.0056473105101495615,10.408360192461659,3.945893336487489,10.806853594545156
TSH2_DMEDA,TSH2,DMEDA,3.5,0.1608099608647037,28.88056522417984,150.71381480603668,31.895266492732016,32.428717853149465,0.0,0.0,833.8333608045572,159.08039596382702,674.75296484073,70,3.349706391833917,1.4699844111105291,0.009240512648992815,6.5676236431782815,2.4797873943263635,10.778493091486602
TSH2_EAE,TSH2,EAE,3.5,0.16871855199403651,30.300903744964838,149.29347628525167,31.90691390234812,35.580506895266495,0.0,0.0,821.4217519910006,164.2291097544097,657.1926422365909,64,3.3845372596539693,0.0,0.0,6.514323581461245,3.80908686767944,10.800357687334627
TSH2_EDA,TSH2,EDA,3.5,0.15774086843086096,28.329373471268426,151.26500655894807,31.492266120014907,31.604081252329486,0.0,0.0,789.3728840081769,109.49982096462115,679.8730630435557,70,3.35938080086941,1.5099839869230565,0.013789830646489594,6.144676327905644,2.6538189788820974,10.773801958053948
TSH2_INDO,TSH2,INDO,3.5,0.1909359858367499,34.2910300018093,145.3033500284072,37.41380916884085,36.5355944837868,1.1251397689153932,1.299850913156914,831.1540656927813,172.52087010827387,658.6331955845072,66,3.5187637693628995,1.6899820780794486,0.009795812396603484,6.74807536078308,2.547303791872244,10.960725487036061
TSH2_ISBZ,TSH2,ISBZ,3.5,0.16989494036526276,30.51217648516997,149.08220354504655,34.85836749906821,33.0996086470369,0.0,0.0,862.2041683718385,219.12126990587802,643.0828984659607,66,3.3724563688050884,0.0,0.0,6.9177917331775785,4.044817069906476,10.780809587214232
TSH2_MEPI,TSH2,MEPI,3.5,0.16451966082743197,29.54680648908414,150.04757354113238,32.42871785314946,33.379146477823326,0.0,0.0,841.2632579249247,161.07019682356446,680.1930611013603,77,3.3646614149618386,0.0,0.0,6.452660746243752,4.220784498378869,10.796015883482555
TSH2_METOX,TSH2,METOX,3.5,0.1622134737234439,29.132628245909725,150.46175178430678,31.436358553857623,33.44903093551994,0.0,0.0,867.0418559903916,193.7684289044215,673.2734270859701,70,3.344073390533467,1.9599792148140307,0.010115059640499087,8.63321808686273,3.225968384271068,10.793268420718116
TSH2_MOR,TSH2,MOR,3.5,0.157857342527022,28.350291564358045,151.24408846585845,30.618710398807305,32.52422661200149,0.0,0.0,811.4622991942462,130.24924978040178,681.2130494138447,76,3.3559161548253855,0.0,0.0,6.488810507898247,3.6111084420904422,10.802574074289314
TSH2_MTL,TSH2,MTL,3.5,0.18300409988818486,32.86650786240637,146.72787216781015,36.02776742452479,34.5928065598211,0.9667349981364145,1.614330972791651,832.5040491252264,170.43094129451435,662.073107830712,64,3.4760709169733577,5.609940507707522,0.0329162091407641,6.7937335499995415,2.239334472840892,11.041924871024385
TSH2_NMA,TSH2,NMA,3.5,0.18570047521431235,33.35076171743101,146.2436183127855,36.08367499068207,35.95788296682818,1.0785501304509877,1.1600819977636974,821.6742362606883,164.69092408855192,656.9833121721364,64,3.5374583801268957,2.3499750789862195,0.014269001719382375,6.8136669711122915,2.0714885822413933,11.084311760470865
TSH2_OCTA,TSH2,OCTA,3.5,0.1543864144614238,27.72693239028746,151.86744763992905,27.485557212076035,34.269008572493476,0.0,0.0,859.0834118619491,199.89016218989008,659.1932496720592,70,3.879770809586699,1.289986319954137,0.006453475778005953,8.972213469053877,2.018316646156271,11.20548770748423
TSH2_OTL,TSH2,OTL,3.5,0.18525204994409245,33.27022705903599,146.32415297118052,37.60482668654492,33.970834886321285,0.9178158777487887,1.6073425270219905,813.5738029402407,154.8708464540544,658.7029564861862,64,3.474745663950241,5.439942310504265,0.03512567042189012,6.7971925035614325,2.0894357171604536,11.006609644413322
TSH2_PIP,TSH2,PIP,3.5,0.16375675549757734,29.409792979347152,150.18458705086937,33.10193812896012,32.400764070070814,0.0,0.0,820.7531528077081,142.18007492756288,678.5730778801453,76,3.376692921031908,0.0,0.0,6.479567340240424,3.822021709179752,10.81960918004365
TSH2_THQ,TSH2,THQ,3.5,0.18789601192694744,33.745067772170295,145.8493122580462,38.471393961982855,34.36684681326873,1.09951546775997,1.2206485277674246,837.5339536264588,187.40080485281703,650.1331487736419,66,3.5304978895968766,1.829980593423313,0.009765062614648662,6.802869938397649,2.335403346113691,11.041931472797739
